MonthStart,DepartmentID,BudgetAmount,Currency
01/01/2022,1,437730,USD
01/01/2022,2,150934,USD
01/01/2022,3,248214,USD
01/01/2022,4,216057,USD
01/01/2022,5,88518,USD
01/01/2022,6,131338,USD
01/02/2022,1,380729,USD
01/02/2022,2,164322,USD
01/02/2022,3,239118,USD
01/02/2022,4,216734,USD
01/02/2022,5,92623,USD
01/02/2022,6,131873,USD
01/03/2022,1,384427,USD
01/03/2022,2,154961,USD
01/03/2022,3,273848,USD
01/03/2022,4,205692,USD
01/03/2022,5,93996,USD
01/03/2022,6,126523,USD
01/04/2022,1,407272,USD
01/04/2022,2,156620,USD
01/04/2022,3,259411,USD
01/04/2022,4,217034,USD
01/04/2022,5,86113,USD
01/04/2022,6,119057,USD
01/05/2022,1,437024,USD
01/05/2022,2,162530,USD
01/05/2022,3,254587,USD
01/05/2022,4,208603,USD
01/05/2022,5,89244,USD
01/05/2022,6,117386,USD
01/06/2022,1,407821,USD
01/06/2022,2,150450,USD
01/06/2022,3,259387,USD
01/06/2022,4,192332,USD
01/06/2022,5,98654,USD
01/06/2022,6,131751,USD
01/07/2022,1,421889,USD
01/07/2022,2,154562,USD
01/07/2022,3,249107,USD
01/07/2022,4,214413,USD
01/07/2022,5,94743,USD
01/07/2022,6,116927,USD
01/08/2022,1,434655,USD
01/08/2022,2,161007,USD
01/08/2022,3,273117,USD
01/08/2022,4,211771,USD
01/08/2022,5,93781,USD
01/08/2022,6,121528,USD
01/09/2022,1,435963,USD
01/09/2022,2,161986,USD
01/09/2022,3,239195,USD
01/09/2022,4,190791,USD
01/09/2022,5,90582,USD
01/09/2022,6,128589,USD
01/10/2022,1,439236,USD
01/10/2022,2,145884,USD
01/10/2022,3,259779,USD
01/10/2022,4,201426,USD
01/10/2022,5,98593,USD
01/10/2022,6,129158,USD
01/11/2022,1,430299,USD
01/11/2022,2,153045,USD
01/11/2022,3,253055,USD
01/11/2022,4,198202,USD
01/11/2022,5,86261,USD
01/11/2022,6,129565,USD
01/12/2022,1,428774,USD
01/12/2022,2,164993,USD
01/12/2022,3,274873,USD
01/12/2022,4,206662,USD
01/12/2022,5,95881,USD
01/12/2022,6,131005,USD
01/01/2023,1,430978,USD
01/01/2023,2,148065,USD
01/01/2023,3,254395,USD
01/01/2023,4,193874,USD
01/01/2023,5,98379,USD
01/01/2023,6,124911,USD
01/02/2023,1,393718,USD
01/02/2023,2,157613,USD
01/02/2023,3,260679,USD
01/02/2023,4,200744,USD
01/02/2023,5,87033,USD
01/02/2023,6,126088,USD
01/03/2023,1,411218,USD
01/03/2023,2,159877,USD
01/03/2023,3,257006,USD
01/03/2023,4,215565,USD
01/03/2023,5,92950,USD
01/03/2023,6,124096,USD
01/04/2023,1,432599,USD
01/04/2023,2,151578,USD
01/04/2023,3,242525,USD
01/04/2023,4,190863,USD
01/04/2023,5,95694,USD
01/04/2023,6,125165,USD
01/05/2023,1,422244,USD
01/05/2023,2,147291,USD
01/05/2023,3,242613,USD
01/05/2023,4,190436,USD
01/05/2023,5,90232,USD
01/05/2023,6,124618,USD
01/06/2023,1,403534,USD
01/06/2023,2,152343,USD
01/06/2023,3,271405,USD
01/06/2023,4,200447,USD
01/06/2023,5,92438,USD
01/06/2023,6,128105,USD
01/07/2023,1,403792,USD
01/07/2023,2,156496,USD
01/07/2023,3,269838,USD
01/07/2023,4,218485,USD
01/07/2023,5,87485,USD
01/07/2023,6,130678,USD
01/08/2023,1,409526,USD
01/08/2023,2,148310,USD
01/08/2023,3,254717,USD
01/08/2023,4,219400,USD
01/08/2023,5,92150,USD
01/08/2023,6,119917,USD
01/09/2023,1,418004,USD
01/09/2023,2,147903,USD
01/09/2023,3,240344,USD
01/09/2023,4,193866,USD
01/09/2023,5,87228,USD
01/09/2023,6,116734,USD
01/10/2023,1,388329,USD
01/10/2023,2,156919,USD
01/10/2023,3,244320,USD
01/10/2023,4,200370,USD
01/10/2023,5,97606,USD
01/10/2023,6,122531,USD
01/11/2023,1,420053,USD
01/11/2023,2,146377,USD
01/11/2023,3,244710,USD
01/11/2023,4,191226,USD
01/11/2023,5,87780,USD
01/11/2023,6,119014,USD
01/12/2023,1,390620,USD
01/12/2023,2,144495,USD
01/12/2023,3,242023,USD
01/12/2023,4,203823,USD
01/12/2023,5,88285,USD
01/12/2023,6,120556,USD
01/01/2024,1,410205,USD
01/01/2024,2,158033,USD
01/01/2024,3,238974,USD
01/01/2024,4,213982,USD
01/01/2024,5,93976,USD
01/01/2024,6,115471,USD
01/02/2024,1,432414,USD
01/02/2024,2,163219,USD
01/02/2024,3,239790,USD
01/02/2024,4,198306,USD
01/02/2024,5,96383,USD
01/02/2024,6,127468,USD
01/03/2024,1,391071,USD
01/03/2024,2,147210,USD
01/03/2024,3,251392,USD
01/03/2024,4,204535,USD
01/03/2024,5,93846,USD
01/03/2024,6,120640,USD
01/04/2024,1,407752,USD
01/04/2024,2,159318,USD
01/04/2024,3,238875,USD
01/04/2024,4,197573,USD
01/04/2024,5,95130,USD
01/04/2024,6,130113,USD
01/05/2024,1,410700,USD
01/05/2024,2,154472,USD
01/05/2024,3,241518,USD
01/05/2024,4,203422,USD
01/05/2024,5,92690,USD
01/05/2024,6,118364,USD
01/06/2024,1,396154,USD
01/06/2024,2,150988,USD
01/06/2024,3,238252,USD
01/06/2024,4,199662,USD
01/06/2024,5,88354,USD
01/06/2024,6,119894,USD
01/07/2024,1,387185,USD
01/07/2024,2,162536,USD
01/07/2024,3,259759,USD
01/07/2024,4,210373,USD
01/07/2024,5,96153,USD
01/07/2024,6,122971,USD
01/08/2024,1,385215,USD
01/08/2024,2,154584,USD
01/08/2024,3,259506,USD
01/08/2024,4,212363,USD
01/08/2024,5,91327,USD
01/08/2024,6,116296,USD
01/09/2024,1,397026,USD
01/09/2024,2,150669,USD
01/09/2024,3,261721,USD
01/09/2024,4,207123,USD
01/09/2024,5,90307,USD
01/09/2024,6,131757,USD
01/10/2024,1,416346,USD
01/10/2024,2,147837,USD
01/10/2024,3,241316,USD
01/10/2024,4,194585,USD
01/10/2024,5,88820,USD
01/10/2024,6,116892,USD
01/11/2024,1,391194,USD
01/11/2024,2,148914,USD
01/11/2024,3,244001,USD
01/11/2024,4,216902,USD
01/11/2024,5,86583,USD
01/11/2024,6,123441,USD
01/12/2024,1,404623,USD
01/12/2024,2,164603,USD
01/12/2024,3,241701,USD
01/12/2024,4,201935,USD
01/12/2024,5,98587,USD
01/12/2024,6,129579,USD
